Main Category,Sub category,2nd sub category
Audio Products,"Alarms, Buzzers, and Sirens",
Audio Products,"Alarms, Buzzers, and Sirens",
Audio Products,"Buzzer Elements, Piezo Benders",
Audio Products,Microphones,
Audio Products,Amplifiers,
Audio Products,"Guitar Parts, Accessories",
Audio Products,Speakers,
Audio Products,"Vibrator, Exciter",
Audio Products,Accessories,
Battery Products,Batteries Non-Rechargeable,
Battery Products,Batteries Rechargeable,
Battery Products,Battery Chargers,
Battery Products,"Battery Holders, Clips, Contacts",
Battery Products,"Battery Holders, Clips, Contacts",
Battery Products,"Battery Holders, Clips, Contacts",
Battery Products,"Battery Holders, Clips, Contacts",
Battery Products,"Battery Holders, Clips, Contacts",
Battery Products,"Battery Holders, Clips, Contacts",
Battery Products,"Battery Holders, Clips, Contacts",
Battery Products,Battery Packs,
Battery Products,Cigarette Lighter Assemblies,
"Boxes, Enclosures, Racks",Boxes,
"Boxes, Enclosures, Racks",Boxes,
"Boxes, Enclosures, Racks",Boxes,
"Boxes, Enclosures, Racks","Patchbay, Jack Panels",
"Boxes, Enclosures, Racks",Storage,
"Boxes, Enclosures, Racks",Backplanes,
"Boxes, Enclosures, Racks",Box Accessories,
"Boxes, Enclosures, Racks",Box Components,
"Boxes, Enclosures, Racks",Cams,
"Boxes, Enclosures, Racks",Card Guide Accessories,
"Boxes, Enclosures, Racks",Card Guides,
"Boxes, Enclosures, Racks",Card Rack Accessories,
"Boxes, Enclosures, Racks",Card Racks,
"Boxes, Enclosures, Racks",Enclosures,Enclosure Accessories
"Boxes, Enclosures, Racks",Enclosures,Metal / Aluminum Enclosures
"Boxes, Enclosures, Racks",Enclosures,Metal / Aluminum Enclosures
"Boxes, Enclosures, Racks",Enclosures,Metal / Aluminum Enclosures
"Boxes, Enclosures, Racks",Enclosures,Plastic Enclosures
"Boxes, Enclosures, Racks",Enclosures,Fiberglass enclosure
"Boxes, Enclosures, Racks",Enclosures,Polycarbonate enclosure
"Boxes, Enclosures, Racks","Evaluation, Development Board Enclosures",
"Boxes, Enclosures, Racks",Handles,
"Boxes, Enclosures, Racks","Latches, Locks",
"Boxes, Enclosures, Racks","Patchbay, Jack Panel Accessories",
"Boxes, Enclosures, Racks",Rack Accessories,
"Boxes, Enclosures, Racks",Rack Components,
"Boxes, Enclosures, Racks",Rack Thermal Management,
"Boxes, Enclosures, Racks",Racks,
"Boxes, Enclosures, Racks",Storage Accessories,
Cable Assemblies,Circular Cable Assemblies ,
Cable Assemblies,Circular Cable Assemblies ,
Cable Assemblies,Circular Cable Assemblies ,
Cable Assemblies,Circular Cable Assemblies ,
Cable Assemblies,Circular Cable Assemblies ,
Cable Assemblies,Circular Cable Assemblies ,
Cable Assemblies,Circular Cable Assemblies ,
Cable Assemblies,Circular Cable Assemblies ,
Cable Assemblies,Circular Cable Assemblies ,
Cable Assemblies,Coaxial Cables (RF) ,
Cable Assemblies,Coaxial Cables (RF) ,
Cable Assemblies,Coaxial Cables (RF) ,
Cable Assemblies,Coaxial Cables (RF) ,
Cable Assemblies,Coaxial Cables (RF) ,
Cable Assemblies,Coaxial Cables (RF) ,
Cable Assemblies,D-Sub Cables ,
Cable Assemblies,Fiber Optic Cables ,
Cable Assemblies,Modular Cables ,
Cable Assemblies,Modular Cables ,
Cable Assemblies,Modular Cables ,
Cable Assemblies,Modular Cables ,
Cable Assemblies,Modular Cables ,
Cable Assemblies,Pluggable Cables ,
Cable Assemblies,Pluggable Cables ,
Cable Assemblies,Pluggable Cables ,
Cable Assemblies,Pluggable Cables ,
Cable Assemblies,Rectangular Cable Assemblies ,
Cable Assemblies,Rectangular Cable Assemblies ,
Cable Assemblies,Rectangular Cable Assemblies ,
Cable Assemblies,Rectangular Cable Assemblies ,
Cable Assemblies,Rectangular Cable Assemblies ,
Cable Assemblies,Barrel connector cables,Barrel Audio Cables
Cable Assemblies,Barrel connector cables,Barrel Power Cables
Cable Assemblies,Between Series Adapter Cables,
Cable Assemblies,Between Series Adapter Cables,
Cable Assemblies,D-Shaped Centronics Cables ,
Cable Assemblies,Firewire Cables (IEEE ) ,
Cable Assemblies,Flat Flex Jumpers Cables (FFC FPC) ,
Cable Assemblies,Flat Flex Ribbon Jumpers Cables ,
Cable Assemblies,Flat Flex Ribbon Jumpers Cables ,
Cable Assemblies,Flat Flex Ribbon Jumpers Cables ,
Cable Assemblies,Flat Flex Ribbon Jumpers Cables ,
Cable Assemblies,Jumper Wires Pre-Crimped Leads ,
Cable Assemblies,LGH Cables ,
Cable Assemblies,Power Line Cables and Extension Cords ,
Cable Assemblies,Power Line Cables and Extension Cords ,
Cable Assemblies,Power Line Cables and Extension Cords ,
Cable Assemblies,Power Line Cables and Extension Cords ,
Cable Assemblies,Smart Cables ,
Cable Assemblies,Solid State Lighting Cables ,
Cable Assemblies,Specialized Cable Assemblies ,
Cable Assemblies,Specialized Cable Assemblies ,
Cable Assemblies,Specialized Cable Assemblies ,
Cable Assemblies,USB Cables ,
Cable Assemblies,USB Cables ,
Cable Assemblies,USB Cables ,
Cable Assemblies,Video Cables (DVI HDMI) ,
Cable Assemblies,Video Cables (DVI HDMI) ,
"Cables, Wires",Coaxial Cables (RF),
"Cables, Wires",Fiber Optic Cables,
"Cables, Wires","Flat Flex Cables (FFC, FPC)",
"Cables, Wires",Flat Ribbon Cables,
"Cables, Wires",Modular - Flat Cable,
"Cables, Wires",Multiple Conductor Cables,
"Cables, Wires",Single Conductor Cables (Hook-Up Wire),
"Cables, Wires",Wire Wrap,
"Cables, Wires - Management",Fiber Optic Cables,
"Cables, Wires - Management","Bushings, Grommets",
"Cables, Wires - Management",Cable and Cord Grips,
"Cables, Wires - Management",Cable and Cord Grips,
"Cables, Wires - Management",Cable and Cord Grips,
"Cables, Wires - Management",Cable Supports and Fasteners,
"Cables, Wires - Management",Cable Supports and Fasteners,
"Cables, Wires - Management",Cable Ties - Holders and Mountings,
"Cables, Wires - Management",Cable Ties - Holders and Mountings,
"Cables, Wires - Management",Cable Ties and Zip Ties,
"Cables, Wires - Management",Cable Ties and Zip Ties,
"Cables, Wires - Management","Cold Shrink Tape, Tubing",
"Cables, Wires - Management","Grounding Braid, Straps",
"Cables, Wires - Management","Heat Shrink Boots, Caps",
"Cables, Wires - Management",Heat Shrink Fabric,
"Cables, Wires - Management",Heat Shrink Tubing,
"Cables, Wires - Management",Heat Shrink Tubing,
"Cables, Wires - Management",Heat Shrink Wrap,
"Cables, Wires - Management","Labels, Labeling",
"Cables, Wires - Management",Markers,
"Cables, Wires - Management","Protective Hoses, Solid Tubing, Sleeving",
"Cables, Wires - Management","Protective Hoses, Solid Tubing, Sleeving",
"Cables, Wires - Management","Pulling, Support Grips",
"Cables, Wires - Management",Solder Sleeve,
"Cables, Wires - Management","Spiral Wrap, Expandable Sleeving",
"Cables, Wires - Management","Splice Enclosures, Protection3",
"Cables, Wires - Management","Wire Ducts, Raceways",
"Cables, Wires - Management","Wire Duct, Raceway Accessories",
"Cables, Wires - Management","Wire Duct, Raceway Covers",
"Cables, Wires - Management","Wire Ducts, Raceways","Wire Duct, Raceway Accessories"
"Cables, Wires - Management","Wire Ducts, Raceways","Wire Duct, Raceway Covers"
"Cables, Wires - Management","Wire Ducts, Raceways","Wire Ducts, Raceways"
Capacitors,Aluminum - Polymer Capacitors ,
Capacitors,Aluminum - Polymer Capacitors ,
Capacitors,Aluminum - Polymer Capacitors ,
Capacitors,Aluminum Electrolytic Capacitors ,
Capacitors,Aluminum Electrolytic Capacitors ,
Capacitors,Aluminum Electrolytic Capacitors ,
Capacitors,Aluminum Electrolytic Capacitors ,
Capacitors,Aluminum Electrolytic Capacitors ,
Capacitors,Capacitor Networks Arrays ,
Capacitors,Ceramic Capacitors ,
Capacitors,Ceramic Capacitors ,
Capacitors,Ceramic Capacitors ,
Capacitors,Ceramic Capacitors ,
Capacitors,Ceramic Capacitors ,
Capacitors,Ceramic Capacitors ,
Capacitors,Ceramic Capacitors ,
Capacitors,Ceramic Capacitors ,
Capacitors,Ceramic Capacitors ,
Capacitors,Ceramic Capacitors ,
Capacitors,Electric Double Layer Capacitors (EDLC) Supercapacitors ,
Capacitors,Electric Double Layer Capacitors (EDLC) Supercapacitors ,
Capacitors,Electric Double Layer Capacitors (EDLC) Supercapacitors ,
Capacitors,Film Capacitors ,
Capacitors,Film Capacitors ,
Capacitors,Film Capacitors ,
Capacitors,Film Capacitors ,
Capacitors,Film Capacitors ,
Capacitors,Film Capacitors ,
Capacitors,Mica and PTFE Capacitors ,
Capacitors,Niobium Oxide Capacitors ,
Capacitors,Silicon Capacitors ,
Capacitors,Tantalum - Polymer Capacitors ,
Capacitors,Tantalum - Polymer Capacitors ,
Capacitors,Tantalum - Polymer Capacitors ,
Capacitors,Tantalum - Polymer Capacitors ,
Capacitors,Tantalum - Polymer Capacitors ,
Capacitors,Tantalum Capacitors ,
Capacitors,Tantalum Capacitors ,
Capacitors,Tantalum Capacitors ,
Capacitors,Thin Film Capacitors ,
Capacitors,Trimmers Variable Capacitors ,
Circuit Protection,Circuit Breakers ,
Circuit Protection,Circuit Breakers ,
Circuit Protection,Circuit Protection Accessories,
Circuit Protection,Circuit Protection Accessories,
Circuit Protection,Circuit Protection Accessories,
Circuit Protection,Electrical Specialty Fuses ,
Circuit Protection,Fuseholders ,
Circuit Protection,Fuseholders ,
Circuit Protection,Fuseholders ,
Circuit Protection,Fuseholders ,
Circuit Protection,Fuseholders ,
Circuit Protection,Fuseholders ,
Circuit Protection,Fuses ,
Circuit Protection,Fuses ,
Circuit Protection,Fuses ,
Circuit Protection,Fuses ,
Circuit Protection,Fuses ,
Circuit Protection,Gas Discharge Tube Arresters (GDT) , 
Circuit Protection,Ground Fault Circuit Interrupter (GFCI) ,
Circuit Protection,Inrush Current Limiters (ICL) ,
Circuit Protection,Lighting Protection ,
Circuit Protection,PTC Resettable Fuses ,
Circuit Protection,PTC Resettable Fuses ,
Circuit Protection,Surge Suppression ICs ,
Circuit Protection,Surge Protection Devices (SPDs) ,
Circuit Protection,Surge Protection Devices (SPDs) ,
Circuit Protection,Thermal Cutoffs (Thermal Fuses and Breakers) ,
Circuit Protection,Transient Voltage Suppressors (TVS),Mixed Technology
Circuit Protection,Transient Voltage Suppressors (TVS),Surge Protection Devices (SPDs)
Circuit Protection,Transient Voltage Suppressors (TVS),Thyristors 
Circuit Protection,Transient Voltage Suppressors (TVS),TVS Diodes
Circuit Protection,Transient Voltage Suppressors (TVS),TVS Diodes
Circuit Protection,Transient Voltage Suppressors (TVS),TVS Diodes
Circuit Protection,Transient Voltage Suppressors (TVS),TVS Diodes
Circuit Protection,Transient Voltage Suppressors (TVS),TVS Diodes
Circuit Protection,Varistors MOVs ,
Circuit Protection,Varistors MOVs ,
Computer Equipment,Adapter Cards,
Computer Equipment,"Adapters, Converters",
Computer Equipment,Brackets,
Computer Equipment,"Cameras, Projectors",
Computer Equipment,"Computer Mouse, Trackballs",
Computer Equipment,"Desktop Joysticks, Simulation Products",
Computer Equipment,Keyboards,
Computer Equipment,KVM Switches (Keyboard Video Mouse),
Computer Equipment,KVM Switches (Keyboard Video Mouse) - Cables,
Computer Equipment,"Magnetic Strip, Smart Card Readers",
Computer Equipment,Memory Card Readers,
Computer Equipment,Monitors,
Computer Equipment,"Printers, Label Makers",
Computer Equipment,"Privacy Filters, Screen Protectors",
Computer Equipment,Server Acceleration Cards,
Computer Equipment,USB Hubs,
"Connectors, Interconnects",AC Power Connectors,Plugs and Receptacles
"Connectors, Interconnects",AC Power Connectors,Plugs and Receptacles
"Connectors, Interconnects",AC Power Connectors,Plugs and Receptacles
"Connectors, Interconnects",AC Power Connectors,Plugs and Receptacles
"Connectors, Interconnects",AC Power Connectors,Plugs and Receptacles
"Connectors, Interconnects",Barrel Connector,Audio Connectors
"Connectors, Interconnects",Barrel Connector,Audio Connectors
"Connectors, Interconnects",Barrel Connector,Audio Connectors
"Connectors, Interconnects",Barrel Connector,Audio Connectors
"Connectors, Interconnects",Barrel Connector,Audio Connectors
"Connectors, Interconnects",Barrel Connector,Audio Connectors
"Connectors, Interconnects",Barrel Connector,Audio Connectors
"Connectors, Interconnects",Barrel Connector,Audio Connectors
"Connectors, Interconnects",Barrel Connector,Audio Connectors
"Connectors, Interconnects",Barrel Connector,Power Connectors
"Connectors, Interconnects",Barrel Connector,Power Connectors
"Connectors, Interconnects",Barrel Connector,Power Connectors
"Connectors, Interconnects",Barrel Connector,Power Connectors
"Connectors, Interconnects",Barrel Connector,Power Connectors
"Connectors, Interconnects",Barrel Connector,Power Connectors
"Connectors, Interconnects",Barrel Connector,Power Connectors
"Connectors, Interconnects",Card Edge Connectors,Edgeboard Connectors
"Connectors, Interconnects",Card Edge Connectors,Edgeboard Connectors
"Connectors, Interconnects",Card Edge Connectors,Edgeboard Connectors
"Connectors, Interconnects",Card Edge Connectors,Edgeboard Connectors
"Connectors, Interconnects",Card Edge Connectors,Edgeboard Connectors
"Connectors, Interconnects",Card Edge Connectors,Edgeboard Connectors
"Connectors, Interconnects",Circular Connectors,Circular Connector Assemblies
"Connectors, Interconnects",Circular Connectors,Circular Connector Assemblies
"Connectors, Interconnects",Circular Connectors,Circular Connector Assemblies
"Connectors, Interconnects",Circular Connectors,Circular Connector Assemblies
"Connectors, Interconnects",Circular Connectors,Circular Connector Assemblies
"Connectors, Interconnects",Circular Connectors,Circular Connector Assemblies
"Connectors, Interconnects",Circular Connectors,Circular Connector Assemblies
"Connectors, Interconnects",Circular Connectors,Circular Connector Assemblies
"Connectors, Interconnects",Circular Connectors,Circular Connector Assemblies
"Connectors, Interconnects",Circular Connectors,Circular Connector Assemblies
"Connectors, Interconnects",Circular Connectors,Circular Connector Assemblies
"Connectors, Interconnects",Circular Connectors,Circular Connector Assemblies
"Connectors, Interconnects","D-Sub, D-Shaped Connectors",D-Sub Connector Assemblies
"Connectors, Interconnects","D-Sub, D-Shaped Connectors",D-Sub Connector Assemblies
"Connectors, Interconnects","D-Sub, D-Shaped Connectors",D-Sub Connector Assemblies
"Connectors, Interconnects","D-Sub, D-Shaped Connectors",D-Sub Connector Assemblies
"Connectors, Interconnects","D-Sub, D-Shaped Connectors",D-Sub Connector Assemblies
"Connectors, Interconnects","D-Sub, D-Shaped Connectors",D-Sub Connector Assemblies
"Connectors, Interconnects","D-Sub, D-Shaped Connectors",D-Sub Connector Assemblies
"Connectors, Interconnects","FFC, FPC (Flat Flexible) Connectors","FFC, FPC (Flat Flexible) Connector Assemblies"
"Connectors, Interconnects","FFC, FPC (Flat Flexible) Connectors","FFC, FPC (Flat Flexible) Connector Assemblies"
"Connectors, Interconnects","FFC, FPC (Flat Flexible) Connectors","FFC, FPC (Flat Flexible) Connector Assemblies"
"Connectors, Interconnects","FFC, FPC (Flat Flexible) Connectors","FFC, FPC (Flat Flexible) Connector Assemblies"
"Connectors, Interconnects","FFC, FPC (Flat Flexible) Connectors","FFC, FPC (Flat Flexible) Connector Assemblies"
"Connectors, Interconnects","FFC, FPC (Flat Flexible) Connectors","FFC, FPC (Flat Flexible) Connector Assemblies"
"Connectors, Interconnects",Heavy Duty Connectors,Heavy Duty Connector Assemblies
"Connectors, Interconnects",Heavy Duty Connectors,Heavy Duty Connector Assemblies
"Connectors, Interconnects",Modular Connectors,Modular Connector Jacks
"Connectors, Interconnects",Modular Connectors,Modular Connector Jacks
"Connectors, Interconnects",Modular Connectors,Modular Connector Jacks
"Connectors, Interconnects",Modular Connectors,Modular Connector Jacks
"Connectors, Interconnects",Modular Connectors,Modular Connector Jacks
"Connectors, Interconnects",Modular Connectors,Modular Connector Jacks
"Connectors, Interconnects",Modular Connectors,Modular Connector Jacks
"Connectors, Interconnects",Modular Connectors,Modular Connector Jacks
"Connectors, Interconnects",Modular Connectors,Modular Connector Jacks
"Connectors, Interconnects",Modular Connectors,Modular Connector Jacks
"Connectors, Interconnects",Modular Connectors,Modular Connector Jacks With Magnetics
"Connectors, Interconnects",Modular Connectors,Modular Connector Jacks With Magnetics
"Connectors, Interconnects",Modular Connectors,Modular Connector Jacks With Magnetics
"Connectors, Interconnects",Modular Connectors,Modular Connector Jacks With Magnetics
"Connectors, Interconnects",Modular Connectors,Modular Connector Jacks With Magnetics
"Connectors, Interconnects",Modular Connectors,Modular Connector Jacks With Magnetics
"Connectors, Interconnects",Pluggable Connectors,Pluggable Connector Assemblies
"Connectors, Interconnects",Pluggable Connectors,Pluggable Connector Assemblies
"Connectors, Interconnects",Pluggable Connectors,Pluggable Connector Assemblies
"Connectors, Interconnects",Pluggable Connectors,Pluggable Connector Assemblies
"Connectors, Interconnects",Rectangular Connector ,"Free Hanging, Panel Mount"
"Connectors, Interconnects",Rectangular Connector ,"Free Hanging, Panel Mount"
"Connectors, Interconnects",Rectangular Connector ,"Free Hanging, Panel Mount"
"Connectors, Interconnects",Rectangular Connector ,"Free Hanging, Panel Mount"
"Connectors, Interconnects",Rectangular Connector ,"Free Hanging, Panel Mount"
"Connectors, Interconnects",Rectangular Connector ,"Free Hanging, Panel Mount"
"Connectors, Interconnects",Rectangular Connector ,"Free Hanging, Panel Mount"
"Connectors, Interconnects",Rectangular Connector ,Rectangular Connector Contacts
"Connectors, Interconnects",Rectangular Connector ,Rectangular Connector Contacts
"Connectors, Interconnects",Rectangular Connector ,Rectangular Connector Contacts
"Connectors, Interconnects",Rectangular Connector ,Rectangular Connector Contacts
"Connectors, Interconnects",Rectangular Connector ,Rectangular Connector Contacts
"Connectors, Interconnects",Terminal Blocks,Barrier Blocks
"Connectors, Interconnects",Terminal Blocks,Barrier Blocks
"Connectors, Interconnects",Terminal Blocks,Barrier Blocks
"Connectors, Interconnects",Terminal Blocks,Barrier Blocks
"Connectors, Interconnects",Terminal Blocks,Barrier Blocks
"Connectors, Interconnects",Terminal Blocks,Barrier Blocks
"Connectors, Interconnects",Terminal Blocks,"Din Rail, Channel"
"Connectors, Interconnects",Terminal Blocks,"Din Rail, Channel"
"Connectors, Interconnects",Terminal Blocks,"Din Rail, Channel"
"Connectors, Interconnects",Terminal Blocks,"Headers, Plugs and Sockets"
"Connectors, Interconnects",Terminal Blocks,"Headers, Plugs and Sockets"
"Connectors, Interconnects",Terminal Blocks,"Headers, Plugs and Sockets"
"Connectors, Interconnects",Terminal Blocks,"Headers, Plugs and Sockets"
"Connectors, Interconnects",Terminal Blocks,"Headers, Plugs and Sockets"
"Connectors, Interconnects",Terminal Blocks,"Headers, Plugs and Sockets"
"Connectors, Interconnects",Terminal Blocks,"Headers, Plugs and Sockets"
"Connectors, Interconnects",Terminal Blocks,"Headers, Plugs and Sockets"
"Connectors, Interconnects",Terminal Blocks,Panel Mount
"Connectors, Interconnects",Terminal Blocks,Panel Mount
"Connectors, Interconnects",Terminal Blocks,Panel Mount
"Connectors, Interconnects",Terminal Blocks,Wire to Board
"Connectors, Interconnects",Terminal Blocks,Wire to Board
"Connectors, Interconnects",Terminal Blocks,Wire to Board
"Connectors, Interconnects",Terminal Blocks,Wire to Board
"Connectors, Interconnects",Terminal Blocks,Wire to Board
"Connectors, Interconnects",Terminal Blocks,Wire to Board
"Connectors, Interconnects","USB, DVI, HDMI Connectors","USB, DVI, HDMI Connector Assemblies"
"Connectors, Interconnects","USB, DVI, HDMI Connectors","USB, DVI, HDMI Connector Assemblies"
"Connectors, Interconnects","USB, DVI, HDMI Connectors","USB, DVI, HDMI Connector Assemblies"
"Connectors, Interconnects","USB, DVI, HDMI Connectors","USB, DVI, HDMI Connector Assemblies"
"Connectors, Interconnects","USB, DVI, HDMI Connectors","USB, DVI, HDMI Connector Assemblies"
"Connectors, Interconnects","USB, DVI, HDMI Connectors","USB, DVI, HDMI Connector Assemblies"
"Connectors, Interconnects","USB, DVI, HDMI Connectors","USB, DVI, HDMI Connector Assemblies"
"Connectors, Interconnects","USB, DVI, HDMI Connectors","USB, DVI, HDMI Connector Assemblies"
"Connectors, Interconnects","USB, DVI, HDMI Connectors","USB, DVI, HDMI Connector Assemblies"
"Connectors, Interconnects","USB, DVI, HDMI Connectors","USB, DVI, HDMI Connector Assemblies"
"Connectors, Interconnects","USB, DVI, HDMI Connectors","USB, DVI, HDMI Connector Assemblies"
"Connectors, Interconnects",AC Power Connectors,Power Entry Connector Accessories
"Connectors, Interconnects",AC Power Connectors,Power Entry Connector Accessories
"Connectors, Interconnects",AC Power Connectors,Power Entry Modules (PEM)
"Connectors, Interconnects",AC Power Connectors,Power Entry Modules (PEM)
"Connectors, Interconnects",AC Power Connectors,Power Entry Modules (PEM)
"Connectors, Interconnects",AC Power Connectors,Power Entry Modules (PEM)
"Connectors, Interconnects",Backplane Connectors,ARINC
"Connectors, Interconnects",Backplane Connectors,ARINC Inserts
"Connectors, Interconnects",Backplane Connectors,Backplane Connector Accessories
"Connectors, Interconnects",Backplane Connectors,Backplane Connector Contacts
"Connectors, Interconnects",Backplane Connectors,Backplane Connector Housings
"Connectors, Interconnects",Backplane Connectors,DIN 41612
"Connectors, Interconnects",Backplane Connectors,DIN 41612
"Connectors, Interconnects",Backplane Connectors,DIN 41612
"Connectors, Interconnects",Backplane Connectors,DIN 41612
"Connectors, Interconnects",Backplane Connectors,"Hard Metric, Standard"
"Connectors, Interconnects",Backplane Connectors,Specialized29
"Connectors, Interconnects",Banana and Tip Connectors,Banana and Tip Connector Accessories
"Connectors, Interconnects",Banana and Tip Connectors,Banana and Tip Connector Adapters
"Connectors, Interconnects",Banana and Tip Connectors,Binding Posts
"Connectors, Interconnects",Banana and Tip Connectors,"Jacks, Plugs"
"Connectors, Interconnects",Barrel Connector,Barrel Connector Accessories
"Connectors, Interconnects",Barrel Connector,Barrel Connector Accessories
"Connectors, Interconnects",Barrel Connector,Barrel Connector Adapters
"Connectors, Interconnects",Between Series Adapters,
"Connectors, Interconnects",Between Series Adapters,
"Connectors, Interconnects",Blade Type Power Connectors,Blade Type Power Connector Accessories
"Connectors, Interconnects",Blade Type Power Connectors,Blade Type Power Connector Assemblies
"Connectors, Interconnects",Blade Type Power Connectors,Blade Type Power Connector Contacts
"Connectors, Interconnects",Blade Type Power Connectors,Blade Type Power Connector Housings
"Connectors, Interconnects",Blade Type Power Connectors,Blade Type Power Connector Housings
"Connectors, Interconnects",Card Edge Connectors,Card Edge Connector Accessories
"Connectors, Interconnects",Card Edge Connectors,Card Edge Connector Adapters
"Connectors, Interconnects",Card Edge Connectors,Card Edge Connector Contacts
"Connectors, Interconnects",Card Edge Connectors,Card Edge Connector Housings
"Connectors, Interconnects",Circular Connectors,Backshells and Cable Clamps
"Connectors, Interconnects",Circular Connectors,Circular Connector Accessories
"Connectors, Interconnects",Circular Connectors,Circular Connector Accessories
"Connectors, Interconnects",Circular Connectors,Circular Connector Adapters
"Connectors, Interconnects",Circular Connectors,Circular Connector Adapters
"Connectors, Interconnects",Circular Connectors,Circular Connector Adapters
"Connectors, Interconnects",Circular Connectors,Circular Connector Adapters
"Connectors, Interconnects",Circular Connectors,Circular Connector Contacts
"Connectors, Interconnects",Circular Connectors,Circular Connector Housings
"Connectors, Interconnects",Coaxial Connectors ,Coaxial Connector (RF) Accessories
"Connectors, Interconnects",Coaxial Connectors ,Coaxial Connector (RF) Adapters
"Connectors, Interconnects",Coaxial Connectors ,Coaxial Connector (RF) Adapters
"Connectors, Interconnects",Coaxial Connectors ,Coaxial Connector (RF) Assemblies
"Connectors, Interconnects",Coaxial Connectors ,Coaxial Connector (RF) Assemblies
"Connectors, Interconnects",Coaxial Connectors ,Coaxial Connector (RF) Assemblies
"Connectors, Interconnects",Coaxial Connectors ,Coaxial Connector (RF) Assemblies
"Connectors, Interconnects",Coaxial Connectors ,Coaxial Connector (RF) Assemblies
"Connectors, Interconnects",Coaxial Connectors ,Coaxial Connector (RF) Assemblies
"Connectors, Interconnects",Coaxial Connectors ,Coaxial Connector (RF) Assemblies
"Connectors, Interconnects",Coaxial Connectors ,Coaxial Connector (RF) Contacts
"Connectors, Interconnects",Coaxial Connectors ,Coaxial Connector (RF) Terminators
"Connectors, Interconnects",Contacts,"Contacts, Spring Loaded (Pogo Pins), and Pressure"
"Connectors, Interconnects",Contacts,Leadframe
"Connectors, Interconnects",Contacts,Multi Purpose
"Connectors, Interconnects","D-Sub, D-Shaped Connectors",Centronics Connectors
"Connectors, Interconnects","D-Sub, D-Shaped Connectors","D-Sub, D-Shaped Connector Accessories"
"Connectors, Interconnects","D-Sub, D-Shaped Connectors","D-Sub, D-Shaped Connector Accessories"
"Connectors, Interconnects","D-Sub, D-Shaped Connectors","D-Sub, D-Shaped Connector Adapters"
"Connectors, Interconnects","D-Sub, D-Shaped Connectors","D-Sub, D-Shaped Connector Backshells, Hoods"
"Connectors, Interconnects","D-Sub, D-Shaped Connectors","D-Sub, D-Shaped Connector Contacts"
"Connectors, Interconnects","D-Sub, D-Shaped Connectors","D-Sub, D-Shaped Connector Contacts"
"Connectors, Interconnects","D-Sub, D-Shaped Connectors","D-Sub, D-Shaped Connector Housings"
"Connectors, Interconnects","D-Sub, D-Shaped Connectors","D-Sub, D-Shaped Connector Housings"
"Connectors, Interconnects","D-Sub, D-Shaped Connectors","D-Sub, D-Shaped Connector Housings"
"Connectors, Interconnects","D-Sub, D-Shaped Connectors","D-Sub, D-Shaped Connector Jackscrews"
"Connectors, Interconnects","D-Sub, D-Shaped Connectors","D-Sub, D-Shaped Connector Terminators"
"Connectors, Interconnects","FFC, FPC (Flat Flexible) Connectors","FFC, FPC (Flat Flexible) Connector Accessories"
"Connectors, Interconnects","FFC, FPC (Flat Flexible) Connectors","FFC, FPC (Flat Flexible) Connector Contacts"
"Connectors, Interconnects","FFC, FPC (Flat Flexible) Connectors","FFC, FPC (Flat Flexible) Connector Housings"
"Connectors, Interconnects",Fiber Optic Connectors,Fiber Optic Connector Accessories
"Connectors, Interconnects",Fiber Optic Connectors,Fiber Optic Connector Adapters
"Connectors, Interconnects",Fiber Optic Connectors,Fiber Optic Connector Assemblies
"Connectors, Interconnects",Fiber Optic Connectors,Fiber Optic Connector Housings
"Connectors, Interconnects",Heavy Duty Connectors,Heavy Duty Connector Accessories
"Connectors, Interconnects",Heavy Duty Connectors,Heavy Duty Connector Accessories
"Connectors, Interconnects",Heavy Duty Connectors,Heavy Duty Connector Contacts
"Connectors, Interconnects",Heavy Duty Connectors,Heavy Duty Connector Contacts
"Connectors, Interconnects",Heavy Duty Connectors,Heavy Duty Connector Frames
"Connectors, Interconnects",Heavy Duty Connectors,Heavy Duty Connector Frames
"Connectors, Interconnects",Heavy Duty Connectors,"Heavy Duty Connector Housings, Hoods, Base"
"Connectors, Interconnects",Heavy Duty Connectors,"Heavy Duty Connector Housings, Hoods, Base"
"Connectors, Interconnects",Heavy Duty Connectors,"Heavy Duty Connector Inserts, Modules"
"Connectors, Interconnects",Keystone Connectors,Keystone Connector Accessories
"Connectors, Interconnects",Keystone Connectors,"Keystone Faceplates, Frames"
"Connectors, Interconnects",Keystone Connectors,Keystone Inserts
"Connectors, Interconnects",LGH Connectors,
"Connectors, Interconnects",Memory Connectors,inline Module Sockets
"Connectors, Interconnects",Memory Connectors,Memory Connector Accessories
"Connectors, Interconnects",Memory Connectors,PC Card Sockets
"Connectors, Interconnects",Memory Connectors,PC Card Sockets
"Connectors, Interconnects",Memory Connectors,PC Card Sockets
"Connectors, Interconnects",Memory Connectors,PC Card Sockets
"Connectors, Interconnects",Memory Connectors,PC Card Sockets
"Connectors, Interconnects",Memory Connectors,PC Cards - Adapters
"Connectors, Interconnects",Modular Connectors,Modular Connector Accessories
"Connectors, Interconnects",Modular Connectors,Modular Connector Adapters
"Connectors, Interconnects",Modular Connectors,Modular Connector Adapters
"Connectors, Interconnects",Modular Connectors,Modular Connector Plug Housings
"Connectors, Interconnects",Modular Connectors,Modular Connector Plugs
"Connectors, Interconnects",Modular Connectors,Modular Connector Plugs
"Connectors, Interconnects",Modular Connectors,Modular Connector Plugs
"Connectors, Interconnects",Modular Connectors,Modular Connector Plugs
"Connectors, Interconnects",Modular Connectors,Modular Connector Plugs
"Connectors, Interconnects",Modular Connectors,Modular Connector Plugs
"Connectors, Interconnects",Modular Connectors,Modular Connector Plugs
"Connectors, Interconnects",Modular Connectors,Modular Connector Plugs
"Connectors, Interconnects",Modular Connectors,Modular Connector Wiring Blocks
"Connectors, Interconnects",Modular Connectors,Modular Connector Wiring Blocks Accessories
"Connectors, Interconnects",Photovoltaic (Solar Panel) Connectors,Photovoltaic (Solar Panel) Connector Accessories
"Connectors, Interconnects",Photovoltaic (Solar Panel) Connectors,Photovoltaic (Solar Panel) Connector Assemblies
"Connectors, Interconnects",Photovoltaic (Solar Panel) Connectors,Photovoltaic (Solar Panel) Connector Assemblies
"Connectors, Interconnects",Photovoltaic (Solar Panel) Connectors,Photovoltaic (Solar Panel) Connector Contacts
"Connectors, Interconnects",Pluggable Connectors,Pluggable Connector Accessories
"Connectors, Interconnects",Rectangular Connector ,"Arrays, Edge Type, Mezzanine (Board to Board)"
"Connectors, Interconnects",Rectangular Connector ,"Arrays, Edge Type, Mezzanine (Board to Board)"
"Connectors, Interconnects",Rectangular Connector ,"Arrays, Edge Type, Mezzanine (Board to Board)"
"Connectors, Interconnects",Rectangular Connector ,"Arrays, Edge Type, Mezzanine (Board to Board)"
"Connectors, Interconnects",Rectangular Connector ,"Arrays, Edge Type, Mezzanine (Board to Board)"
"Connectors, Interconnects",Rectangular Connector ,"Arrays, Edge Type, Mezzanine (Board to Board)"
"Connectors, Interconnects",Rectangular Connector ,"Arrays, Edge Type, Mezzanine (Board to Board)"
"Connectors, Interconnects",Rectangular Connector ,"Arrays, Edge Type, Mezzanine (Board to Board)"
"Connectors, Interconnects",Rectangular Connector ,"Board In, Direct Wire to Board"
"Connectors, Interconnects",Rectangular Connector ,"Board In, Direct Wire to Board"
"Connectors, Interconnects",Rectangular Connector ,"Board Spacers, Stackers (Board to Board)"
"Connectors, Interconnects",Rectangular Connector ,"Headers, Male Pins"
"Connectors, Interconnects",Rectangular Connector ,"Headers, Male Pins"
"Connectors, Interconnects",Rectangular Connector ,"Headers, Male Pins"
"Connectors, Interconnects",Rectangular Connector ,"Headers, Male Pins"
"Connectors, Interconnects",Rectangular Connector ,"Headers, Male Pins"
"Connectors, Interconnects",Rectangular Connector ,"Headers, Male Pins"
"Connectors, Interconnects",Rectangular Connector ,"Headers, Male Pins"
"Connectors, Interconnects",Rectangular Connector ,"Headers, Male Pins"
"Connectors, Interconnects",Rectangular Connector ,"Headers, Male Pins"
"Connectors, Interconnects",Rectangular Connector ,"Headers, Male Pins"
"Connectors, Interconnects",Rectangular Connector ,"Headers, Male Pins"
"Connectors, Interconnects",Rectangular Connector ,"Headers, Receptacles, Female Sockets"
"Connectors, Interconnects",Rectangular Connector ,"Headers, Receptacles, Female Sockets"
"Connectors, Interconnects",Rectangular Connector ,"Headers, Receptacles, Female Sockets"
"Connectors, Interconnects",Rectangular Connector ,"Headers, Receptacles, Female Sockets"
"Connectors, Interconnects",Rectangular Connector ,"Headers, Receptacles, Female Sockets"
"Connectors, Interconnects",Rectangular Connector ,"Headers, Receptacles, Female Sockets"
"Connectors, Interconnects",Rectangular Connector ,"Headers, Receptacles, Female Sockets"
"Connectors, Interconnects",Rectangular Connector ,"Headers, Receptacles, Female Sockets"
"Connectors, Interconnects",Rectangular Connector ,"Headers, Specialty Pin"
"Connectors, Interconnects",Rectangular Connector ,Rectangular Connector Accessories
"Connectors, Interconnects",Rectangular Connector ,Rectangular Connector Accessories
"Connectors, Interconnects",Rectangular Connector ,Rectangular Connector Accessories
"Connectors, Interconnects",Rectangular Connector ,Rectangular Connector Adapters
"Connectors, Interconnects",Rectangular Connector ,Rectangular Connector Adapters
"Connectors, Interconnects",Rectangular Connector ,Rectangular Connector Housings
"Connectors, Interconnects",Rectangular Connector ,Rectangular Connector Housings
"Connectors, Interconnects",Rectangular Connector ,Rectangular Connector Housings
"Connectors, Interconnects",Rectangular Connector ,Rectangular Connector Housings
"Connectors, Interconnects",Rectangular Connector ,Rectangular Connector Housings
"Connectors, Interconnects",Rectangular Connector ,Spring Loaded
"Connectors, Interconnects","Shunts, Jumpers",
"Connectors, Interconnects","Shunts, Jumpers",
"Connectors, Interconnects","Shunts, Jumpers",
"Connectors, Interconnects","Shunts, Jumpers",
"Connectors, Interconnects","Shunts, Jumpers",
"Connectors, Interconnects","Shunts, Jumpers",
"Connectors, Interconnects","Sockets for ICs, Transistors",IC Sockets
"Connectors, Interconnects","Sockets for ICs, Transistors",IC Sockets
"Connectors, Interconnects","Sockets for ICs, Transistors",IC Sockets
"Connectors, Interconnects","Sockets for ICs, Transistors",IC Sockets
"Connectors, Interconnects","Sockets for ICs, Transistors",Socket Accessories
"Connectors, Interconnects","Sockets for ICs, Transistors",Socket Adapters
"Connectors, Interconnects",Solid State Lighting Connectors,Solid State Lighting Connector Accessories
"Connectors, Interconnects",Solid State Lighting Connectors,Solid State Lighting Connector Assemblies
"Connectors, Interconnects",Solid State Lighting Connectors,Solid State Lighting Connector Contacts
"Connectors, Interconnects",Terminal Blocks,Interface Modules
"Connectors, Interconnects",Terminal Blocks,Power Distribution
"Connectors, Interconnects",Terminal Blocks,Specialized
"Connectors, Interconnects",Terminal Blocks,Terminal Block Accessories
"Connectors, Interconnects",Terminal Blocks,Terminal Block Accessories
"Connectors, Interconnects",Terminal Blocks,Terminal Block Accessories
"Connectors, Interconnects",Terminal Blocks,Terminal Block Adapters
"Connectors, Interconnects",Terminal Blocks,Terminal Block Contacts
"Connectors, Interconnects",Terminal Blocks,Terminal Block Contacts
"Connectors, Interconnects",Terminal Junction Systems,
"Connectors, Interconnects",Terminal Strips and Turret Boards,
"Connectors, Interconnects",Terminals,"Barrel, Bullet Connectors"
"Connectors, Interconnects",Terminals,Foil Connectors
"Connectors, Interconnects",Terminals,"Housings, Boots"
"Connectors, Interconnects",Terminals,"Housings, Boots"
"Connectors, Interconnects",Terminals,"Housings, Boots"
"Connectors, Interconnects",Terminals,Knife Connectors
"Connectors, Interconnects",Terminals,Lugs
"Connectors, Interconnects",Terminals,Magnetic Wire Connectors
"Connectors, Interconnects",Terminals,"PC Pin Receptacles, Socket Connectors"
"Connectors, Interconnects",Terminals,"PC Pin, Single Post Connectors"
"Connectors, Interconnects",Terminals,"Quick Connects, Quick Disconnect Connectors"
"Connectors, Interconnects",Terminals,"Quick Connects, Quick Disconnect Connectors"
"Connectors, Interconnects",Terminals,Ring Connectors
"Connectors, Interconnects",Terminals,Screw Connectors
"Connectors, Interconnects",Terminals,Screw Connectors
"Connectors, Interconnects",Terminals,Solder Lug Connectors
"Connectors, Interconnects",Terminals,Spade Connectors
"Connectors, Interconnects",Terminals,Specialized Connectors
"Connectors, Interconnects",Terminals,Specialized Connectors
"Connectors, Interconnects",Terminals,Specialized Connectors
"Connectors, Interconnects",Terminals,Specialized Connectors
"Connectors, Interconnects",Terminals,Specialized Connectors
"Connectors, Interconnects",Terminals,Terminal Accessories
"Connectors, Interconnects",Terminals,Terminal Accessories
"Connectors, Interconnects",Terminals,Terminal Accessories
"Connectors, Interconnects",Terminals,Terminal Adapters
"Connectors, Interconnects",Terminals,Turret Connectors
"Connectors, Interconnects",Terminals,Wire Pin Connectors
"Connectors, Interconnects",Terminals,Wire Splice Connectors
"Connectors, Interconnects",Terminals,Wire to Board Connectors
"Connectors, Interconnects","USB, DVI, HDMI Connectors","USB, DVI, HDMI Connector Accessories"
"Connectors, Interconnects","USB, DVI, HDMI Connectors","USB, DVI, HDMI Connector Adapters"
"Crystals, Oscillators, Resonators",Watch Crystal,
"Crystals, Oscillators, Resonators",Crystals,
"Crystals, Oscillators, Resonators",Oscillators,
"Crystals, Oscillators, Resonators",Pin Configurable/Selectable Oscillators,
"Crystals, Oscillators, Resonators",Programmable Oscillators,
"Crystals, Oscillators, Resonators",Resonators,
"Crystals, Oscillators, Resonators",VCOs (Voltage Controlled Oscillators),
"Crystals, Oscillators, Resonators",VCXO,
"Crystals, Oscillators, Resonators",TCXO,
"Crystals, Oscillators, Resonators",Stand Alone Programmers,
Discrete Semiconductor Products,IGBTs - Transistors,
Discrete Semiconductor Products,IGBTs - Transistors,
Discrete Semiconductor Products,TRIACs - Thyristors,
Discrete Semiconductor Products,TRIACs - Thyristors,
Discrete Semiconductor Products,Bipolar (BJT) - Transistors,
Discrete Semiconductor Products,Bipolar (BJT) - Transistors,
Discrete Semiconductor Products,Bipolar (BJT) - Transistors,
Discrete Semiconductor Products,Bipolar (BJT) - Transistors,
Discrete Semiconductor Products,Bipolar (BJT) Arrays - Transistors,
Discrete Semiconductor Products,Bipolar (BJT) Arrays - Transistors,
Discrete Semiconductor Products,Bridge Rectifiers  - Diode,
Discrete Semiconductor Products,Bridge Rectifiers  - Diode,
Discrete Semiconductor Products,Bridge Rectifiers  - Diode,
Discrete Semiconductor Products,Bridge Rectifiers  - Diode,
Discrete Semiconductor Products,Current Regulation - Diodes Transistors ,
Discrete Semiconductor Products,DIACs SIDACs - Thyristors,
Discrete Semiconductor Products,DIACs SIDACs - Thyristors,
Discrete Semiconductor Products,FETs MOSFETs - Transistors,
Discrete Semiconductor Products,FETs MOSFETs - Transistors,
Discrete Semiconductor Products,FETs MOSFETs - Transistors,
Discrete Semiconductor Products,JFETs - Transistors,
Discrete Semiconductor Products,Power Driver Modules ,
Discrete Semiconductor Products,Rectifiers  - Diode,
Discrete Semiconductor Products,Rectifiers  - Diode,
Discrete Semiconductor Products,Rectifiers  - Diode,
Discrete Semiconductor Products,Rectifiers  - Diode,
Discrete Semiconductor Products,Rectifiers  - Diode,
Discrete Semiconductor Products,Rectifiers  - Diode,
Discrete Semiconductor Products,RF  - Diode,
Discrete Semiconductor Products,SCRs - Modules - Thyristors,
Discrete Semiconductor Products,SCRs - Thyristors,
Discrete Semiconductor Products,SCRs - Thyristors,
Discrete Semiconductor Products,SCRs - Thyristors,
Discrete Semiconductor Products,Variable Capacitance (Varicaps Varactors)  - Diode,
Discrete Semiconductor Products,Zener  - Diode,
Discrete Semiconductor Products,Zener  - Diode,
Discrete Semiconductor Products,Zener  - Diode,
Discrete Semiconductor Products,Zener  - Diode,
Discrete Semiconductor Products,Zener  - Diode,
Discrete Semiconductor Products,Programmable Unijunction - Transistors,
Discrete Semiconductor Products,Special Purpose - Transistors,
Discrete Semiconductor Products,Special Purpose - Transistors,
Embedded Computers,Embedded Computer Accessories,
Embedded Computers,Embedded Computer Interface Boards,
Embedded Computers,Single Board Computers (SBCs),
Engineering Services,PCB Assembly,
Engineering Services,Box build ,
Engineering Services,Custom Assembly,
"Fans, Blowers, Thermal Management",AC Fans,
"Fans, Blowers, Thermal Management",DC Brushless Fans (BLDC),
"Fans, Blowers, Thermal Management",Fan Accessories,
"Fans, Blowers, Thermal Management",Fan Cords,
"Fans, Blowers, Thermal Management","Finger Guards, Filters & Sleeves",
"Fans, Blowers, Thermal Management","Heat Tape, Heat Blankets and Heaters",
"Fans, Blowers, Thermal Management","Thermal Adhesives, Epoxies, Greases, Pastes",
"Fans, Blowers, Thermal Management","Thermal Heat Pipes, Vapor Chambers",
"Fans, Blowers, Thermal Management",Heat Sinks,
"Fans, Blowers, Thermal Management","Liquid Cooling, Heating",
"Fans, Blowers, Thermal Management","Pads, Sheets",
"Fans, Blowers, Thermal Management",Thermal Accessories,
"Fans, Blowers, Thermal Management","Thermoelectric, Peltier Assemblies",
"Fans, Blowers, Thermal Management","Thermoelectric, Peltier Modules",
Filters,Ceramic Filters,
Filters,Common Mode Chokes,
Filters,Common Mode Chokes,
Filters,Common Mode Chokes,
Filters,Common Mode Chokes,
Filters,Common Mode Chokes,
Filters,Ferrite Beads and Chips,
Filters,Ferrite Beads and Chips,
Filters,Ferrite Beads and Chips,
Filters,Ferrite Beads and Chips,
Filters,Ferrite Beads and Chips,
Filters,Ferrite Beads and Chips,
Filters,Ferrite Beads and Chips,
Filters,Monolithic Crystals,
Filters,RF Filters,
Filters,SAW Filters,
Filters,Helical Filters,
Filters,Cable Ferrites,
Filters,DSL Filters,
Filters,"EMI/RFI Filters (LC, RC Networks)",
Filters,Feed Through Capacitors,
Filters,Ferrite Disks and Plates,
Filters,Filter Accessories,
Filters,Power Line Filter Modules,
Filters,Power Line Filter Modules,
Filters,Power Line Filter Modules,
"Hardware, Fasteners, Accessories","Board Spacers, Standoffs",
"Hardware, Fasteners, Accessories","Clips, Hangers, Hooks",
"Hardware, Fasteners, Accessories",DIN Rail Channel,
"Hardware, Fasteners, Accessories",Knobs,Plastic Knobs
"Hardware, Fasteners, Accessories",Knobs,Plastic Knobs
"Hardware, Fasteners, Accessories",Knobs,Plastic Knobs
"Hardware, Fasteners, Accessories",Knobs,Plastic Knobs
"Hardware, Fasteners, Accessories",Knobs,Aluminum Knobs
"Hardware, Fasteners, Accessories",Knobs,Aluminum Knobs
"Hardware, Fasteners, Accessories",Knobs,Aluminum Knobs
"Hardware, Fasteners, Accessories",Knobs,Aluminum Knobs
"Hardware, Fasteners, Accessories",Knobs,Other Knobs
"Hardware, Fasteners, Accessories",Knobs,Other Knobs
"Hardware, Fasteners, Accessories",Knobs,Other Knobs
"Hardware, Fasteners, Accessories",Knobs,Other Knobs
"Hardware, Fasteners, Accessories",Mounting Brackets,
"Hardware, Fasteners, Accessories",Nuts,
"Hardware, Fasteners, Accessories","Screws, Bolts",
"Hardware, Fasteners, Accessories",Springs,"Compression, Tapered Springs"
"Hardware, Fasteners, Accessories",Springs,"Extension, Drawbar Springs"
"Hardware, Fasteners, Accessories",Springs,Torsion Springs
"Hardware, Fasteners, Accessories",Washers,"Bushing, Shoulder Washers"
"Hardware, Fasteners, Accessories",Washers,Standard Washers
"Hardware, Fasteners, Accessories",Accessories,
"Hardware, Fasteners, Accessories",Bearings,
"Hardware, Fasteners, Accessories",Board Supports,
"Hardware, Fasteners, Accessories","Bumpers, Feet, Pads, Grips",
"Hardware, Fasteners, Accessories","Component Insulators, Mounts, Spacers",
"Hardware, Fasteners, Accessories",Foam,
"Hardware, Fasteners, Accessories",Hinges,
"Hardware, Fasteners, Accessories",Hole Plugs - Tapered Caps,
"Hardware, Fasteners, Accessories",Miscellaneous,
"Hardware, Fasteners, Accessories",Reclosable Fasteners,
"Hardware, Fasteners, Accessories",Rivets,
"Hardware, Fasteners, Accessories",Screw Grommets,
"Hardware, Fasteners, Accessories",Seals - Cord Stock,
"Hardware, Fasteners, Accessories",Seals - O-Rings,
"Hardware, Fasteners, Accessories","Structural, Motion Hardware",
"Inductors, Coils, Chokes",Fixed Inductors,
"Inductors, Coils, Chokes",Fixed Inductors,
"Inductors, Coils, Chokes",Fixed Inductors,
"Inductors, Coils, Chokes",Fixed Inductors,
"Inductors, Coils, Chokes",Fixed Inductors,
"Inductors, Coils, Chokes",Fixed Inductors,
"Inductors, Coils, Chokes",Fixed Inductors,
"Inductors, Coils, Chokes",Fixed Inductors,
"Inductors, Coils, Chokes","Arrays, Signal Transformers",
"Inductors, Coils, Chokes",Wireless Charging Coils,
"Inductors, Coils, Chokes",Adjustable Inductors,
"Inductors, Coils, Chokes",Delay Lines,
Industrial Automation and Controls,"Cable and Hose Carriers, Drag Chains",
Industrial Automation and Controls,Cam Positioners,
Industrial Automation and Controls,Controllers,Cable Assemblies
Industrial Automation and Controls,Controllers,Controller Accessories
Industrial Automation and Controls,Controllers,"Liquid, Level"
Industrial Automation and Controls,Controllers,Machine Safety
Industrial Automation and Controls,Controllers,PLC Modules
Industrial Automation and Controls,Controllers,"Process, Temperature"
Industrial Automation and Controls,Controllers,"Programmable (PLC, PAC)"
Industrial Automation and Controls,Greases and Lubricants,
Industrial Automation and Controls,Human Machine Interface (HMI),Human Machine Interface (HMI) Accessories
Industrial Automation and Controls,Human Machine Interface (HMI),Machine Interface
Industrial Automation and Controls,Industrial Automation Accessories,
Industrial Automation and Controls,Industrial Equipment,
Industrial Automation and Controls,Industrial Lighting,Pick to Light
Industrial Automation and Controls,Industrial Lighting,Task Lighting
Industrial Automation and Controls,Industrial Lighting Control,Lighting Control
Industrial Automation and Controls,Industrial Lighting Control,Lighting Control Accessories
Industrial Automation and Controls,Industrial PCs,
Industrial Automation and Controls,Industrial Sensors,Color Sensors - Industrial
Industrial Automation and Controls,Industrial Sensors,Encoders - Industrial
Industrial Automation and Controls,Industrial Sensors,"Float, Level Sensors - Industrial"
Industrial Automation and Controls,Industrial Sensors,Flow Sensors - Industrial
Industrial Automation and Controls,Industrial Sensors,"Force Sensors, Load Cells - Industrial"
Industrial Automation and Controls,Industrial Sensors,"Photoelectric, Industrial"
Industrial Automation and Controls,Industrial Sensors,"Position, Proximity, Speed (Modules) - Industrial"
Industrial Automation and Controls,Industrial Sensors,"Pressure Sensors, Transducers - Industrial"
Industrial Automation and Controls,Industrial Sensors,Proximity Sensors - Industrial
Industrial Automation and Controls,Industrial Sensors,Temperature Sensors - Analog and Digital Output - Industrial
Industrial Automation and Controls,Industrial Sensors,Thermostats - Mechanical - Industrial
Industrial Automation and Controls,Industrial Sensors,"Ultrasonic Receivers, Transmitters - Industrial"
Industrial Automation and Controls,Industrial Specialized,
Industrial Automation and Controls,Liquid Filtration,
Industrial Automation and Controls,Machine Safety,Bumpers and Edges
Industrial Automation and Controls,Machine Safety,Laser Scanners
Industrial Automation and Controls,Machine Safety,Light Curtains
Industrial Automation and Controls,Machine Safety,Machine Safety Accessories
Industrial Automation and Controls,Machine Safety,Mats
Industrial Automation and Controls,Machine Vision,
Industrial Automation and Controls,Monitors,Current/Voltage Transducer Monitors
Industrial Automation and Controls,Monitors,Relay Output Monitors
Industrial Automation and Controls,Panel Meters,"Counters, Hour Meters"
Industrial Automation and Controls,Panel Meters,Meters
Industrial Automation and Controls,Panel Meters,Panel Meter Accessories
Industrial Automation and Controls,"Pneumatics, Hydraulics",Actuators/Cylinders
Industrial Automation and Controls,"Pneumatics, Hydraulics","Fittings, Couplings, and Distributors"
Industrial Automation and Controls,"Pneumatics, Hydraulics",Pneumatics Accessories
Industrial Automation and Controls,"Pneumatics, Hydraulics",Preparation/Treatment
Industrial Automation and Controls,"Pneumatics, Hydraulics","Shock Absorbers, Dampers"
Industrial Automation and Controls,"Pneumatics, Hydraulics","Tubing, Hose, Piping"
Industrial Automation and Controls,"Pneumatics, Hydraulics",Valves and Control
Industrial Automation and Controls,Protection Relays & Systems,
Industrial Automation and Controls,Robotics,End Effectors
Industrial Automation and Controls,Robotics,Robotics Accessories
Industrial Automation and Controls,Robotics,Robots
Industrial Automation and Controls,Signal Conditioners and Isolators,
Industrial Automation and Controls,"Stackable Tower Lighting, Beacons, and Components6",
Industrial Automation and Controls,Time Delay Relays,
Industrial Supplies,Carts and Trucks,
Industrial Supplies,Dock and Warehouse,Air Curtain Doors
Industrial Supplies,Dock and Warehouse,Dock Equipment
Industrial Supplies,Dock and Warehouse,"Ladders, Steps, and Platforms"
Industrial Supplies,Dock and Warehouse,Mirrors
Industrial Supplies,Electrical,"Cords, Wires and Accessories"
Industrial Supplies,Electrical,Generators
Industrial Supplies,Electrical,Lighting
Industrial Supplies,Electrical,Lighting Accessories
Industrial Supplies,Fans,"Agricultural, Dock and Exhaust"
Industrial Supplies,Fans,Blowers and Floor Dryers
Industrial Supplies,Fans,Components - Motors
Industrial Supplies,Fans,Components and Accessories
Industrial Supplies,Fans,"Household, Office and Pedestal Fans"
Industrial Supplies,HVAC,Air Conditioners
Industrial Supplies,HVAC,Air Filters
Industrial Supplies,HVAC,"Air Purifiers, Dehumidifiers and Humidifiers"
Industrial Supplies,HVAC,Heaters
Industrial Supplies,HVAC,HVAC Parts and Accessories
Industrial Supplies,Janitorial and Maintenance Products,
Industrial Supplies,Maintenance,"File Cabinets, Bookcases"
Industrial Supplies,Maintenance,Food Storage and Preparation
Industrial Supplies,Maintenance,Office Supplies
Industrial Supplies,Maintenance,Water Fountains and Refilling Stations
Industrial Supplies,Office Equipment,"File Cabinets, Bookcases"
Industrial Supplies,Office Equipment,Food Storage and Preparation
Industrial Supplies,Office Equipment,Office Supplies
Industrial Supplies,Office Equipment,Water Fountains and Refilling Stations
Industrial Supplies,Office Furniture,Partitions and Accessories
Industrial Supplies,Office Furniture,"Safes, Secure Storage"
Industrial Supplies,Office Furniture,Tables
Industrial Supplies,Outdoor Products,"Bikes, Racks and Locks"
Industrial Supplies,Outdoor Products,"Canopies, Shelters and Sheds"
Industrial Supplies,Outdoor Products,"Cans, Trash Cans and Covers"
Industrial Supplies,Outdoor Products,"Cold Weather Products, Clothing"
Industrial Supplies,Outdoor Products,Lawn Tools
Industrial Supplies,Outdoor Products,Miscellaneous
Industrial Supplies,Outdoor Products,"Mowers, Vacuums, Blowers and Cutters"
Industrial Supplies,Outdoor Products,Outdoor Furniture
Industrial Supplies,Outdoor Products,Parking Lot and Safety
Industrial Supplies,Outdoor Products,Snow and Ice Removal
Industrial Supplies,"Product, Material Handling and Storage",Building/Construction Products
Industrial Supplies,"Product, Material Handling and Storage",Dollies
Industrial Supplies,"Product, Material Handling and Storage",Drum Accessories
Industrial Supplies,"Product, Material Handling and Storage","Drum Cradles, Lifts, Trucks"
Industrial Supplies,"Product, Material Handling and Storage",Drum Pumps
Industrial Supplies,"Product, Material Handling and Storage","Drums, Pails"
Industrial Supplies,"Product, Material Handling and Storage",Pallets
Industrial Supplies,"Product, Material Handling and Storage","Rack, Shelving, Stand Accessories"
Industrial Supplies,"Product, Material Handling and Storage","Racks, Shelving, Stands"
Industrial Supplies,"Product, Material Handling and Storage",Storage Containers and Bins
Industrial Supplies,Safety,"Absorbents, Trays and Cleaners"
Industrial Supplies,Safety,Exit Signs and Emergency Lights
Industrial Supplies,Safety,"Fuel, Oil and General Purpose Cans"
Industrial Supplies,Shipping and Packaging Products,
Industrial Supplies,Storage Containers & Bins,
Industrial Supplies,Vehicle Maintenance and Customization Products,
Industrial Supplies,"Workstation, Office Furniture and Equipmen",Carts and Stands
Industrial Supplies,"Workstation, Office Furniture and Equipmen",Chairs and Stools
Industrial Supplies,"Workstation, Office Furniture and Equipmen",Computer Workstations
Industrial Supplies,"Workstation, Office Furniture and Equipmen","Hazardous Material, Safety Cabinets"
Industrial Supplies,"Workstation, Office Furniture and Equipmen","Lockers, Storage Cabinets and Accessories"
Industrial Supplies,"Workstation, Office Furniture and Equipmen",Turntables
Integrated Circuits (ICs),Audio Special Purpose,
Integrated Circuits (ICs),Clock/Timing,Application Specific Clock/Timing
Integrated Circuits (ICs),Clock/Timing,"Clock Buffers, Drivers"
Integrated Circuits (ICs),Clock/Timing,"Clock Generators, PLLs, Frequency Synthesizers"
Integrated Circuits (ICs),Clock/Timing,Delay Lines
Integrated Circuits (ICs),Clock/Timing,IC Batteries
Integrated Circuits (ICs),Clock/Timing,Programmable Timers and Oscillators
Integrated Circuits (ICs),Clock/Timing,Real Time Clocks
Integrated Circuits (ICs),Data Acquisition,ADCs/DACs - Special Purpose
Integrated Circuits (ICs),Data Acquisition,Analog Front End (AFE)
Integrated Circuits (ICs),Data Acquisition,Analog to Digital Converters (ADC)
Integrated Circuits (ICs),Data Acquisition,Analog to Digital Converters (ADC)
Integrated Circuits (ICs),Data Acquisition,Digital Potentiometers
Integrated Circuits (ICs),Data Acquisition,Digital to Analog Converters (DAC)
Integrated Circuits (ICs),Data Acquisition,Digital to Analog Converters (DAC)
Integrated Circuits (ICs),Data Acquisition,Touch Screen Controllers
Integrated Circuits (ICs),Embedded,Application Specific Microcontrollers
Integrated Circuits (ICs),Embedded,CPLDs (Complex Programmable Logic Devices)
Integrated Circuits (ICs),Embedded,DSP (Digital Signal Processors)
Integrated Circuits (ICs),Embedded,FPGAs (Field Programmable Gate Array)
Integrated Circuits (ICs),Embedded,FPGAs (Field Programmable Gate Array) with Microcontrollers
Integrated Circuits (ICs),Embedded,Microcontrollers
Integrated Circuits (ICs),Embedded,Microcontrollers
Integrated Circuits (ICs),Embedded,"Microcontrollers, Microprocessor, FPGA Modules"
Integrated Circuits (ICs),Embedded,Microprocessors
Integrated Circuits (ICs),Embedded,PLDs (Programmable Logic Device)
Integrated Circuits (ICs),Embedded,System On Chip (SoC)
Integrated Circuits (ICs),Interface IC,Analog Switches - Special Purpose
Integrated Circuits (ICs),Interface IC,"Analog Switches, Multiplexers, Demultiplexers"
Integrated Circuits (ICs),Interface IC,"Analog Switches, Multiplexers, Demultiplexers"
Integrated Circuits (ICs),Interface IC,CODECS
Integrated Circuits (ICs),Interface IC,Controllers
Integrated Circuits (ICs),Interface IC,Direct Digital Synthesis (DDS)
Integrated Circuits (ICs),Interface IC,"Drivers, Receivers, Transceivers"
Integrated Circuits (ICs),Interface IC,"Drivers, Receivers, Transceivers"
Integrated Circuits (ICs),Interface IC,"Drivers, Receivers, Transceivers"
Integrated Circuits (ICs),Interface IC,"Drivers, Receivers, Transceivers"
Integrated Circuits (ICs),Interface IC,"Encoders, Decoders, Converters"
Integrated Circuits (ICs),Interface IC,Filters - Active
Integrated Circuits (ICs),Interface IC,I/O Expanders
Integrated Circuits (ICs),Interface IC,Modems - ICs and Modules
Integrated Circuits (ICs),Interface IC,Modules
Integrated Circuits (ICs),Interface IC,Sensor and Detector Interfaces
Integrated Circuits (ICs),Interface IC,"Sensor, Capacitive Touch"
Integrated Circuits (ICs),Interface IC,"Serializers, Deserializers"
Integrated Circuits (ICs),Interface IC,"Signal Buffers, Repeaters, Splitters"
Integrated Circuits (ICs),Interface IC,Signal Terminators
Integrated Circuits (ICs),Interface IC,Specialized
Integrated Circuits (ICs),Interface IC,Telecom
Integrated Circuits (ICs),Interface IC,UARTs (Universal Asynchronous Receiver Transmitter)
Integrated Circuits (ICs),Interface IC,Voice Record and Playback
Integrated Circuits (ICs),Linear,Amplifiers
Integrated Circuits (ICs),Linear,Amplifiers
Integrated Circuits (ICs),Linear,Amplifiers
Integrated Circuits (ICs),Linear,Amplifiers
Integrated Circuits (ICs),Linear,"Analog Multipliers, Dividers"
Integrated Circuits (ICs),Linear,Comparators
Integrated Circuits (ICs),Linear,Comparators
Integrated Circuits (ICs),Linear,Comparators
Integrated Circuits (ICs),Linear,Video Processing
Integrated Circuits (ICs),Logic,"Buffers, Drivers, Receivers, Transceivers"
Integrated Circuits (ICs),Logic,Comparators
Integrated Circuits (ICs),Logic,"Counters, Dividers"
Integrated Circuits (ICs),Logic,FIFOs Memory
Integrated Circuits (ICs),Logic,Flip Flops
Integrated Circuits (ICs),Logic,Gates and Inverters
Integrated Circuits (ICs),Logic,Gates and Inverters
Integrated Circuits (ICs),Logic,"Gates and Inverters - Multi-Function, Configurable"
Integrated Circuits (ICs),Logic,Latches
Integrated Circuits (ICs),Logic,Multivibrators
Integrated Circuits (ICs),Logic,Parity Generators and Checkers
Integrated Circuits (ICs),Logic,Shift Registers
Integrated Circuits (ICs),Logic,"Signal Switches, Multiplexers, Decoders"
Integrated Circuits (ICs),Logic,Specialty Logic
Integrated Circuits (ICs),Logic,"Translators, Level Shifters"
Integrated Circuits (ICs),Logic,"Translators, Level Shifters"
Integrated Circuits (ICs),Logic,Universal Bus Functions
Integrated Circuits (ICs),Memory,Batteries
Integrated Circuits (ICs),Memory,Configuration PROMs for FPGAs
Integrated Circuits (ICs),Memory,Controllers
Integrated Circuits (ICs),Memory,"DRAM(DDR, LPDDR)"
Integrated Circuits (ICs),Memory,"DRAM(DDR, LPDDR)"
Integrated Circuits (ICs),Memory,"FLASH(NOR, NAND)"
Integrated Circuits (ICs),Memory,"FLASH(NOR, NAND)"
Integrated Circuits (ICs),Memory,MCP
Integrated Circuits (ICs),Memory,MCP
Integrated Circuits (ICs),Memory,eMMC
Integrated Circuits (ICs),Memory,eMMC
Integrated Circuits (ICs),Memory,eMCP
Integrated Circuits (ICs),Memory,eMCP
Integrated Circuits (ICs),Power Management (PMIC),"AC DC Converters, Offline Switchers"
Integrated Circuits (ICs),Power Management (PMIC),Battery Chargers
Integrated Circuits (ICs),Power Management (PMIC),Battery Chargers
Integrated Circuits (ICs),Power Management (PMIC),Battery Management
Integrated Circuits (ICs),Power Management (PMIC),Battery Management
Integrated Circuits (ICs),Power Management (PMIC),Current Regulation/Management
Integrated Circuits (ICs),Power Management (PMIC),DC DC Switching Controllers
Integrated Circuits (ICs),Power Management (PMIC),Display Drivers
Integrated Circuits (ICs),Power Management (PMIC),Energy Metering
Integrated Circuits (ICs),Power Management (PMIC),Full Half-Bridge (H Bridge) Drivers
Integrated Circuits (ICs),Power Management (PMIC),Gate Drivers
Integrated Circuits (ICs),Power Management (PMIC),Gate Drivers
Integrated Circuits (ICs),Power Management (PMIC),Hot Swap Controllers
Integrated Circuits (ICs),Power Management (PMIC),Laser Drivers
Integrated Circuits (ICs),Power Management (PMIC),LED Drivers
Integrated Circuits (ICs),Power Management (PMIC),LED Drivers
Integrated Circuits (ICs),Power Management (PMIC),LED Drivers
Integrated Circuits (ICs),Power Management (PMIC),LED Drivers
Integrated Circuits (ICs),Power Management (PMIC),"Lighting, Ballast Controllers"
Integrated Circuits (ICs),Power Management (PMIC),"Motor Drivers, Controllers"
Integrated Circuits (ICs),Power Management (PMIC),"Motor Drivers, Controllers"
Integrated Circuits (ICs),Power Management (PMIC),"Motor Drivers, Controllers"
Integrated Circuits (ICs),Power Management (PMIC),"OR Controllers, Ideal Diodes"
Integrated Circuits (ICs),Power Management (PMIC),PFC (Power Factor Correction)
Integrated Circuits (ICs),Power Management (PMIC),"Power Distribution Switches, Load Drivers"
Integrated Circuits (ICs),Power Management (PMIC),"Power Distribution Switches, Load Drivers"
Integrated Circuits (ICs),Power Management (PMIC),"Power Distribution Switches, Load Drivers"
Integrated Circuits (ICs),Power Management (PMIC),Power Management - Specialized
Integrated Circuits (ICs),Power Management (PMIC),Power Management - Specialized
Integrated Circuits (ICs),Power Management (PMIC),Power Management - Specialized
Integrated Circuits (ICs),Power Management (PMIC),Power Over Ethernet (PoE) Controllers
Integrated Circuits (ICs),Power Management (PMIC),"Power Supply Controllers, Monitors"
Integrated Circuits (ICs),Power Management (PMIC),RMS to DC Converters
Integrated Circuits (ICs),Power Management (PMIC),Special Purpose Regulators
Integrated Circuits (ICs),Power Management (PMIC),Special Purpose Regulators
Integrated Circuits (ICs),Power Management (PMIC),Supervisors
Integrated Circuits (ICs),Power Management (PMIC),Supervisors
Integrated Circuits (ICs),Power Management (PMIC),Supervisors
Integrated Circuits (ICs),Power Management (PMIC),Thermal Management
Integrated Circuits (ICs),Power Management (PMIC),V/F and F/V Converters
Integrated Circuits (ICs),Power Management (PMIC),Voltage Reference
Integrated Circuits (ICs),Power Management (PMIC),Voltage Reference
Integrated Circuits (ICs),Power Management (PMIC),Voltage Reference
Integrated Circuits (ICs),Power Management (PMIC),Voltage Regulators - DC DC Switching Regulators
Integrated Circuits (ICs),Power Management (PMIC),Voltage Regulators - DC DC Switching Regulators
Integrated Circuits (ICs),Power Management (PMIC),Voltage Regulators - DC DC Switching Regulators
Integrated Circuits (ICs),Power Management (PMIC),Voltage Regulators - DC DC Switching Regulators
Integrated Circuits (ICs),Power Management (PMIC),Voltage Regulators - Linear + Switching
Integrated Circuits (ICs),Power Management (PMIC),Voltage Regulators - Linear Regulator Controllers
Integrated Circuits (ICs),Power Management (PMIC),"Voltage Regulators - Linear, Low Drop Out (LDO) Regulators"
Integrated Circuits (ICs),Power Management (PMIC),"Voltage Regulators - Linear, Low Drop Out (LDO) Regulators"
Integrated Circuits (ICs),Power Management (PMIC),"Voltage Regulators - Linear, Low Drop Out (LDO) Regulators"
Integrated Circuits (ICs),Power Management (PMIC),"Voltage Regulators - Linear, Low Drop Out (LDO) Regulators"
Integrated Circuits (ICs),Specialized Ics,
Integrated Circuits (ICs),Specialized Ics,
Isolators,"Optocouplers, Optoisolators",Logic Output Optoisolators
Isolators,"Optocouplers, Optoisolators","Transistor, Photovoltaic Output Optoisolators"
Isolators,"Optocouplers, Optoisolators","Transistor, Photovoltaic Output Optoisolators"
Isolators,"Optocouplers, Optoisolators","Transistor, Photovoltaic Output Optoisolators"
Isolators,"Optocouplers, Optoisolators","Triac, SCR Output Optoisolators"
Isolators,Digital Isolators,
Isolators,Isolators - Gate Drivers,
Isolators,Isolators - Gate Drivers,
Isolators,Special Purpose Isolators,
"Labels, Signs, Barriers, Identification","Barriers, Barricades, Floor Markings, Tapes",
"Labels, Signs, Barriers, Identification","Label, Sign, Barrier Accessories",
"Labels, Signs, Barriers, Identification","Labels, Stickers, Decals - Blank",
"Labels, Signs, Barriers, Identification","Labels, Stickers, Decals - Preprinted",
"Labels, Signs, Barriers, Identification","Lockouts, Padlocks",
"Labels, Signs, Barriers, Identification","Signs, Nameplates, Posters",
"Labels, Signs, Barriers, Identification",Tags,
"Line Protection, Distribution, Backups",DC to AC (Power) Inverters,
"Line Protection, Distribution, Backups",Line Conditioners,
"Line Protection, Distribution, Backups","Line Protection, Distribution Accessories",
"Line Protection, Distribution, Backups","Power Distribution, Surge Protectors",
"Line Protection, Distribution, Backups",Uninterruptible Power Supply (UPS) Systems,
"Magnetics - Transformer, Inductor Components","Bobbins (Coil Formers), Mounts, Hardware",
"Magnetics - Transformer, Inductor Components",Ferrite Cores,
"Magnetics - Transformer, Inductor Components",Magnetic Wire,
"Memory - Modules, Cards",Memory - Modules,
"Memory - Modules, Cards","Memory Card, Module Accessories",
"Memory - Modules, Cards",Memory Cards,
"Memory - Modules, Cards","Solid State Drives (SSDs), Hard Disk Drives (HDDs)",
"Memory - Modules, Cards",Specialized,
"Memory - Modules, Cards",USB Flash Drives,
"Motors, Actuators, Solenoids and Drivers",Accessories,
"Motors, Actuators, Solenoids and Drivers",Accessories,
"Motors, Actuators, Solenoids and Drivers",Electric Actuators/Cylinders,
"Motors, Actuators, Solenoids and Drivers","Motor Driver Boards, Modules",
"Motors, Actuators, Solenoids and Drivers","Motors - AC, DC",
"Motors, Actuators, Solenoids and Drivers",Solenoids,
"Motors, Actuators, Solenoids and Drivers",Stepper Motors,
"Motors, Actuators, Solenoids and Drivers",Variable Frequency Drives (VFDs),
Networking Solutions,Accessories,
Networking Solutions,"Gateways, Routers",
Networking Solutions,Media Converters,
Networking Solutions,Miscellaneous,
Networking Solutions,Serial Device Servers,
Networking Solutions,"Switches, Hubs",
Optics,Beamsplitters,
Optics,Filters,
Optics,Laser Optics,Beam Expanders
Optics,Laser Optics,F-Theta Lenses
Optics,Laser Optics,Faraday Isolators
Optics,Laser Optics,Focus Lenses
Optics,Laser Optics,Laser Modulators
Optics,Laser Optics,Laser Optics Accessories
Optics,Laser Optics,Pockels Cells
Optics,Lenses,
Optics,Mirrors,
Optics,Polarizers,
Optics,Prisms,
Optics,Cam,
Optoelectronics,Fiber Optic Transceiver Modules,
Optoelectronics,Fiber Optic Transceiver Modules,
Optoelectronics,Fiber Optic Transceiver Modules,
Optoelectronics,"LCD, OLED, Graphic",
Optoelectronics,"LCD, OLED, Graphic",
Optoelectronics,"LCD, OLED, Graphic",
Optoelectronics,LED Character and Numeric,
Optoelectronics,LED Character and Numeric,
Optoelectronics,LED Character and Numeric,
Optoelectronics,LED Character and Numeric,
Optoelectronics,LED Character and Numeric,
Optoelectronics,LED Character and Numeric,
Optoelectronics,"LED Emitters - Infrared, UV, Visible",
Optoelectronics,"LED Emitters - Infrared, UV, Visible",
Optoelectronics,"LED Emitters - Infrared, UV, Visible",
Optoelectronics,"LED Emitters - Infrared, UV, Visible",
Optoelectronics,"LED Emitters - Infrared, UV, Visible",
Optoelectronics,"LED Emitters - Infrared, UV, Visible",
Optoelectronics,"LED Emitters - Infrared, UV, Visible",
Optoelectronics,Light Pipes,
Optoelectronics,Light Pipes,
Optoelectronics,"Fiber Optic Switches, Multiplexers, Demultiplexers",
Optoelectronics,LED Indication - Discrete,
Optoelectronics,LED Indication - Discrete,
Optoelectronics,LED Indication - Discrete,
Optoelectronics,LED Indication - Discrete,
Optoelectronics,LED Indication - Discrete,
Optoelectronics,"Panel Indicators, Pilot Lights",
Optoelectronics,"Panel Indicators, Pilot Lights",
Optoelectronics,"Panel Indicators, Pilot Lights",
Optoelectronics,"Panel Indicators, Pilot Lights",
Optoelectronics,"Panel Indicators, Pilot Lights",
Optoelectronics,"Panel Indicators, Pilot Lights",
Optoelectronics,"Panel Indicators, Pilot Lights",
Optoelectronics,"Panel Indicators, Pilot Lights",
Optoelectronics,Cold Cathode Fluorescent (CCFL) & UV Lamps,
Optoelectronics,"LCD, OLED Character and Numeric",
Optoelectronics,LED Dot Matrix and Cluster,
Optoelectronics,"Ballasts, Inverters",
Optoelectronics,"Circuit Board Indicators, Arrays, Light Bars, Bar Graphs",
Optoelectronics,"Circuit Board Indicators, Arrays, Light Bars, Bar Graphs",
Optoelectronics,"Circuit Board Indicators, Arrays, Light Bars, Bar Graphs",
Optoelectronics,"Circuit Board Indicators, Arrays, Light Bars, Bar Graphs",
Optoelectronics,"Circuit Board Indicators, Arrays, Light Bars, Bar Graphs",
Optoelectronics,Display Backlights,
Optoelectronics,"Display Bezels, Lenses",
Optoelectronics,"Display, Monitor - LCD Driver/Controller",
Optoelectronics,Electroluminescent,
Optoelectronics,Fiber Optic Attenuators,
Optoelectronics,Fiber Optic Receivers,
Optoelectronics,Fiber Optic Transmitters - Discrete,
Optoelectronics,Fiber Optic Transmitters - Drive Circuitry Integrated,
Optoelectronics,HeNe Laser Heads,
Optoelectronics,HeNe Laser System Accessories,
Optoelectronics,HeNe Laser Systems,
Optoelectronics,"Incandescent, Neon Lamps",
Optoelectronics,"Incandescent, Neon Lamps",
Optoelectronics,Lamp Replacements,
Optoelectronics,Lamp Replacements,
Optoelectronics,Lamp Replacements,
Optoelectronics,"Laser Diode, Module Accessories",
Optoelectronics,"Laser Diodes, Laser Modules - Laser Delivery, Laser Fibers",
Optoelectronics,"Laser Diodes, Modules",
Optoelectronics,"LED Addressable, Specialty",
Optoelectronics,"LED COBs, Engines, Modules, Strips",
Optoelectronics,"LED COBs, Engines, Modules, Strips",
Optoelectronics,"LED COBs, Engines, Modules, Strips",
Optoelectronics,"LED COBs, Engines, Modules, Strips",
Optoelectronics,LED Color Lighting,
Optoelectronics,LED Color Lighting,
Optoelectronics,LED Color Lighting,
Optoelectronics,LED Color Lighting,
Optoelectronics,LED Color Lighting,
Optoelectronics,LED Color Lighting,
Optoelectronics,LED Lighting Kits,
Optoelectronics,LED Thermal Products,
Optoelectronics,LED White Lighting,
Optoelectronics,LED White Lighting,
Optoelectronics,LED White Lighting,
Optoelectronics,LED White Lighting,
Optoelectronics,Lenses,
Optoelectronics,Lenses,
Optoelectronics,Lighting Fixtures,
Optoelectronics,Optoelectronics Accessories,
Optoelectronics,Optoelectronics Accessories,
Optoelectronics,Optomechanical,
Optoelectronics,Reflectors,
Optoelectronics,Remote Phosphor Light Source,
Optoelectronics,"Spacers, Standoffs",
Optoelectronics,"Spacers, Standoffs",
Optoelectronics,Touch Screen Overlays,
Optoelectronics,Vacuum Fluorescent (VFD),
Optoelectronics,Xenon Lighting,
PCB,Aluminum,
PCB,Rigid,
PCB,Rigid Flex,
PCB,Flexible ,
PCB,Others,
"Potentiometers, Variable Resistors",Slide Potentiometers,
"Potentiometers, Variable Resistors",Slide Potentiometers,
"Potentiometers, Variable Resistors",Slide Potentiometers,
"Potentiometers, Variable Resistors",Adjustable Power Resistor,
"Potentiometers, Variable Resistors","Rotary Potentiometers, Rheostats",
"Potentiometers, Variable Resistors","Rotary Potentiometers, Rheostats",
"Potentiometers, Variable Resistors","Rotary Potentiometers, Rheostats",
"Potentiometers, Variable Resistors","Rotary Potentiometers, Rheostats",
"Potentiometers, Variable Resistors",Trimmer Potentiometers,
"Potentiometers, Variable Resistors",Trimmer Potentiometers,
"Potentiometers, Variable Resistors",Trimmer Potentiometers,
"Potentiometers, Variable Resistors",Accessories,
"Potentiometers, Variable Resistors",Joystick Potentiometers,
"Potentiometers, Variable Resistors",Scale Dials,
"Potentiometers, Variable Resistors",Thumbwheel Potentiometers,
"Potentiometers, Variable Resistors",Value Display Potentiometers,
Power Supplies - Board Mount,AC DC Converters,
Power Supplies - Board Mount,AC DC Converters,
Power Supplies - Board Mount,DC DC Converters,
Power Supplies - Board Mount,DC DC Converters,
Power Supplies - Board Mount,DC DC Converters,
Power Supplies - Board Mount,Board Mount Power Supply Accessories,
Power Supplies - Board Mount,LED Drivers,
Power Supplies - External/Internal (Off-Board),"AC DC Desktop, Wall Power Adapters",
Power Supplies - External/Internal (Off-Board),"AC DC Desktop, Wall Power Adapters",
Power Supplies - External/Internal (Off-Board),LED Drivers,
Power Supplies - External/Internal (Off-Board),LED Drivers,
Power Supplies - External/Internal (Off-Board),AC AC Wall Power Adapters,
Power Supplies - External/Internal (Off-Board),Power over Ethernet (PoE),
Power Supplies - External/Internal (Off-Board),Power over Ethernet (PoE),
Power Supplies - External/Internal (Off-Board),AC DC Configurable Power Supplies (Factory Assembled),
Power Supplies - External/Internal (Off-Board),AC DC Configurable Power Supply Chassis,
Power Supplies - External/Internal (Off-Board),AC DC Configurable Power Supply Modules,
Power Supplies - External/Internal (Off-Board),AC DC Converters,
Power Supplies - External/Internal (Off-Board),AC DC Converters,
Power Supplies - External/Internal (Off-Board),DC DC Converters,
Power Supplies - External/Internal (Off-Board),External/Internal Power Supply Accessories,
Power Supplies - External/Internal (Off-Board),"Industrial, DIN Rail Power Supplies",
Relays,High Frequency (RF) Relays,
Relays,"Power Relays, Over 2 Amps",
Relays,"Power Relays, Over 2 Amps",
Relays,"Power Relays, Over 2 Amps",
Relays,Reed Relays,
Relays,"Signal Relays, Up to 2 Amps",
Relays,Solid State Relays (SSR),
Relays,Solid State Relays (SSR),
Relays,Accessories,
Relays,Automotive Relays,
Relays,Contactors (Electromechanical),
Relays,Contactors (Solid State),
Relays,I/O Relay Module Racks,
Relays,I/O Relay Modules,
Relays,I/O Relay Modules,
Relays,Relay Sockets,
Relays,Relay Sockets,
Relays,Safety Relays,
Resistors,Accessories,
Resistors,Chassis Mount Resistors,
Resistors,Chip Resistor - Surface Mount,
Resistors,Chip Resistor - Surface Mount,
Resistors,Chip Resistor - Surface Mount,
Resistors,Chip Resistor - Surface Mount,
Resistors,Chip Resistor - Surface Mount,
Resistors,Chip Resistor - Surface Mount,
Resistors,Chip Resistor - Surface Mount,
Resistors,Chip Resistor - Surface Mount,
Resistors,Chip Resistor - Surface Mount,
Resistors,"Resistor Networks, Arrays",
Resistors,"Resistor Networks, Arrays",
Resistors,"Resistor Networks, Arrays",
Resistors,"Resistor Networks, Arrays",
Resistors,"Resistor Networks, Arrays",
Resistors,Specialized Resistors,
Resistors,Through Hole Resistors,
Resistors,Through Hole Resistors,
Resistors,Through Hole Resistors,
Resistors,Through Hole Resistors,
RF and Wireless,Balun,
RF and Wireless,Balun,
RF and Wireless,RF Antennas,Chip Antennas
RF and Wireless,RF Antennas,Chip Antennas
RF and Wireless,RF Antennas,Chip Antennas
RF and Wireless,RF Antennas,NFC Antennas
RF and Wireless,RF Antennas,NFC Antennas
RF and Wireless,RF Antennas,Patch Antenna
RF and Wireless,RF Antennas,Patch Antenna
RF and Wireless,RF Antennas,PCB Antenna 
RF and Wireless,RF Antennas,PCB Antenna 
RF and Wireless,RF Antennas,PCB Antenna 
RF and Wireless,RF Antennas,PCB Antenna 
RF and Wireless,RF Antennas,PCB Antenna 
RF and Wireless,RF Antennas,Indoor Antennas
RF and Wireless,RF Antennas,Indoor Antennas
RF and Wireless,RF Antennas,Indoor Antennas
RF and Wireless,RF Antennas,Indoor Antennas
RF and Wireless,RF Antennas,Indoor Antennas
RF and Wireless,RF Antennas,Outdoor Antennas
RF and Wireless,RF Antennas,Outdoor Antennas
RF and Wireless,RF Antennas,Outdoor Antennas
RF and Wireless,RF Antennas,Custom Antennas
RF and Wireless,RF Antennas,Custom Antennas
RF and Wireless,RF Shields,
RF and Wireless,RF Shields,
RF and Wireless,RF Receivers,
RF and Wireless,RF Amplifiers,
RF and Wireless,RF Circulators and Isolators,
RF and Wireless,RF Demodulators,
RF and Wireless,RF Detectors,
RF and Wireless,RF Directional Coupler,
RF and Wireless,RF Front End (LNA + PA),
RF and Wireless,RF Misc ICs and Modules,
RF and Wireless,RF Mixers,
RF and Wireless,RF Modulators,
RF and Wireless,RF Multiplexers,
RF and Wireless,RF Power Controller Ics,
RF and Wireless,RF Power Dividers/Splitters,
RF and Wireless,"RF Receiver, Transmitter, and Transceiver Finished Units",
RF and Wireless,RF Switches,
RF and Wireless,RF Transceiver Ics,
RF and Wireless,RF Transceiver Modules and Modems,
RF and Wireless,RF Transmitters,
RF and Wireless,RFID Antennas,
RF and Wireless,Attenuators,
RF and Wireless,Attenuators,
RF and Wireless,RF Accessories,
RF and Wireless,"RFI and EMI - Contacts, Fingerstock and Gaskets",
RF and Wireless,RFI and EMI - Shielding and Absorbing Materials,
RF and Wireless,RFID Accessories,
RF and Wireless,RFID Reader Modules,
RF and Wireless,"RFID Transponders, Tags",
RF and Wireless,"RFID, RF Access, Monitoring Ics",
RF and Wireless,Subscriber Identification Module (SIM) Cards,
"Sensors, Transducers",Magnetic Sensors,"Position, Proximity, Speed (Modules)"
"Sensors, Transducers",Magnetic Sensors,"Position, Proximity, Speed (Modules)"
"Sensors, Transducers",Motion Sensors,Optical Motion Sensors
"Sensors, Transducers",Motion Sensors,Optical Motion Sensors
"Sensors, Transducers",Optical Sensors,Photodiodes
"Sensors, Transducers",Optical Sensors,Phototransistors
"Sensors, Transducers",Optical Sensors,Phototransistors
"Sensors, Transducers",Optical Sensors,Phototransistors
"Sensors, Transducers","Position sensor(Angle, Linear Position Measuring)",
"Sensors, Transducers","Position sensor(Angle, Linear Position Measuring)",
"Sensors, Transducers","Pressure Sensors, Transducers",
"Sensors, Transducers",Proximity Sensors,
"Sensors, Transducers",Temperature Sensors,NTC Thermistors
"Sensors, Transducers",Temperature Sensors,NTC Thermistors
"Sensors, Transducers",Temperature Sensors,NTC Thermistors
"Sensors, Transducers",Temperature Sensors,NTC Thermistors
"Sensors, Transducers",Temperature Sensors,PTC Thermistors
"Sensors, Transducers",Temperature Sensors,PTC Thermistors
"Sensors, Transducers",Color Sensors,
"Sensors, Transducers",Current Sensors,
"Sensors, Transducers",Encoders,
"Sensors, Transducers",Encoders,
"Sensors, Transducers",Encoders,
"Sensors, Transducers",Encoders,
"Sensors, Transducers",Encoders,
"Sensors, Transducers","Float, Level Sensors",
"Sensors, Transducers",Flow Sensors,
"Sensors, Transducers","Force Sensors, Load Cells",
"Sensors, Transducers",Gas Sensors,
"Sensors, Transducers","Humidity, Moisture Sensors",
"Sensors, Transducers",IrDA Transceiver Modules,
"Sensors, Transducers",LVDT Transducers (Linear Variable Differential Transformer),
"Sensors, Transducers",Magnetic Sensors,"Compass, Magnetic Field (Modules)"
"Sensors, Transducers",Magnetic Sensors,"Linear, Compass (ICs)"
"Sensors, Transducers",Magnetic Sensors,Switches (Solid State)
"Sensors, Transducers",Magnets,Multi Purpose Magnets
"Sensors, Transducers",Magnets,Sensor Matched Magnets
"Sensors, Transducers",Motion Sensors,Accelerometers
"Sensors, Transducers",Motion Sensors,Gyroscopes
"Sensors, Transducers",Motion Sensors,IMUs (Inertial Measurement Units)
"Sensors, Transducers",Motion Sensors,Inclinometers
"Sensors, Transducers",Motion Sensors,Tilt Switches
"Sensors, Transducers",Motion Sensors,Vibration Sensors
"Sensors, Transducers",Multifunction,
"Sensors, Transducers",Optical Sensors,"Ambient Light, IR, UV Sensors"
"Sensors, Transducers",Optical Sensors,"Ambient Light, IR, UV Sensors"
"Sensors, Transducers",Optical Sensors,Camera Modules
"Sensors, Transducers",Optical Sensors,Distance Measuring
"Sensors, Transducers",Optical Sensors,"Image Sensors, Camera"
"Sensors, Transducers",Optical Sensors,Photo Detectors - CdS Cells
"Sensors, Transducers",Optical Sensors,Photo Detectors - Logic Output
"Sensors, Transducers",Optical Sensors,Photo Detectors - Remote Receiver
"Sensors, Transducers",Optical Sensors,Photointerrupters - Slot Type - Logic Output
"Sensors, Transducers",Optical Sensors,Photointerrupters - Slot Type - Transistor Output
"Sensors, Transducers",Optical Sensors,"Photonics - Counters, Detectors, SPCM (Single Photon Counting Module)"
"Sensors, Transducers",Optical Sensors,Reflective - Analog Output
"Sensors, Transducers",Optical Sensors,Reflective - Logic Output
"Sensors, Transducers","Particle, Dust Sensors",
"Sensors, Transducers",Proximity/Occupancy Sensors Finished Units,
"Sensors, Transducers",Sensor Cable Accessories,
"Sensors, Transducers",Sensor Cable Assemblies,
"Sensors, Transducers",Sensor Interface Junction Blocks,
"Sensors, Transducers",Sensor Interface Junction Blocks,
"Sensors, Transducers","Sensor, Transducer Accessories",
"Sensors, Transducers","Sensor, Transducer Amplifiers",
"Sensors, Transducers",Shock Sensors,
"Sensors, Transducers",Solar Cells,
"Sensors, Transducers",Specialized Sensors,
"Sensors, Transducers",Strain Gauges,
"Sensors, Transducers",Temperature Sensors,Analog and Digital Output
"Sensors, Transducers",Temperature Sensors,RTD (Resistance Temperature Detector)
"Sensors, Transducers",Temperature Sensors,"Thermocouples, Temperature Probes"
"Sensors, Transducers",Temperature Sensors,Thermostats - Mechanical
"Sensors, Transducers",Temperature Sensors,Thermostats - Solid State
"Sensors, Transducers",Touch Sensors,
"Sensors, Transducers","Ultrasonic Receivers, Transmitters",
Switches,Anti-Vandal Switches,
Switches,Capacitive Switches,
Switches,Detect Switches,
Switches,DIP/SIP Switches,
Switches,DIP/SIP Switches,
Switches,DIP/SIP Switches,
Switches,DIP/SIP Switches,
Switches,DIP/SIP Switches,
Switches,DIP/SIP Switches,
Switches,DIP/SIP Switches,
Switches,DIP/SIP Switches,
Switches,DIP/SIP Switches,
Switches,DIP/SIP Switches,
Switches,DIP/SIP Switches,
Switches,Emergency Stop (E-Stop) Switches,
Switches,Emergency Stop (E-Stop) Switches,
Switches,Emergency Stop (E-Stop) Switches,
Switches,Keylock Switches,
Switches,Keylock Switches,
Switches,Keylock Switches,
Switches,Keylock Switches,
Switches,Keylock Switches,
Switches,Keylock Switches,
Switches,Keypad Switches,
Switches,Keypad Switches,
Switches,Foot Switches,
Switches,Foot Switches,
Switches,Foot Switches,
Switches,Foot Switches,
Switches,Illumination Switches,
Switches,Illumination Switches,
Switches,Illumination Switches,
Switches,Illumination Switches,
Switches,Illumination Switches,
Switches,Illumination Switches,
Switches,Limit Switches,
Switches,Limit Switches,
Switches,Limit Switches,
Switches,Limit Switches,
Switches,Limit Switches,
Switches,Limit Switches,
Switches,Limit Switches,
Switches,Limit Switches,
Switches,Micro Switches,
Switches,Micro Switches,
Switches,Micro Switches,
Switches,Micro Switches,
Switches,Micro Switches,
Switches,"Magnetic, Reed Switches",
Switches,Pushbutton Switches,
Switches,Pushbutton Switches,
Switches,Pushbutton Switches,
Switches,Pushbutton Switches,
Switches,Pushbutton Switches,
Switches,Pushbutton Switches,
Switches,Pushbutton Switches,
Switches,Pushbutton Switches,
Switches,Pushbutton Switches,
Switches,Pushbutton Switches,
Switches,Pushbutton Switches,
Switches,Pushbutton Switches,
Switches,Pushbutton Switches,
Switches,Pushbutton Switches,
Switches,Pushbutton Switches,
Switches,Rocker Switches,
Switches,Rocker Switches,
Switches,Rocker Switches,
Switches,Rocker Switches,
Switches,Rocker Switches,
Switches,Rocker Switches,
Switches,Rocker Switches,
Switches,Rotary Switches,
Switches,Rotary Switches,
Switches,Rotary Switches,
Switches,Rotary Switches,
Switches,Rotary Switches,
Switches,Rotary Switches,
Switches,Rotary Switches,
Switches,Rotary Switches,
Switches,Rotary Switches,
Switches,Rotary Switches,
Switches,Selector Switches,
Switches,Selector Switches,
Switches,Selector Switches,
Switches,Selector Switches,
Switches,Selector Switches,
Switches,Slide Switches,
Switches,Slide Switches,
Switches,Slide Switches,
Switches,Slide Switches,
Switches,Slide Switches,
Switches,Slide Switches,
Switches,Slide Switches,
Switches,Slide Switches,
Switches,Slide Switches,
Switches,Tactile Switches,
Switches,Tactile Switches,
Switches,Tactile Switches,
Switches,Tactile Switches,
Switches,Tactile Switches,
Switches,Tactile Switches,
Switches,Tactile Switches,
Switches,Tactile Switches,
Switches,Tactile Switches,
Switches,Tactile Switches,
Switches,Tactile Switches,
Switches,Toggle Switches,
Switches,Toggle Switches,
Switches,Toggle Switches,
Switches,Toggle Switches,
Switches,Toggle Switches,
Switches,Toggle Switches,
Switches,Toggle Switches,
Switches,Toggle Switches,
Switches,Waterproof Switches,
Switches,Waterproof Switches,
Switches,Waterproof Switches,
Switches,Waterproof Switches,
Switches,Waterproof Switches,
Switches,Accessories,
Switches,Accessories,
Switches,Accessories,
Switches,Accessories,
Switches,"Accessories - Boots, Seals",
Switches,Accessories - Caps,
Switches,Cable Pull Switches,
Switches,Configurable Switch Components,Configurable Switch Bodies
Switches,Configurable Switch Components,Configurable Switch Contact Blocks
Switches,Configurable Switch Components,Configurable Switch Illumination Sources
Switches,Configurable Switch Components,Configurable Switch Lens
Switches,Disconnect Switch Components,
Switches,Interlock Switches,
Switches,"Navigation Switches, Joystick",
Switches,"Navigation Switches, Joystick",
Switches,Programmable Display Switches,
Switches,Pushbutton Switches - Hall Effect,
Switches,Thumbwheel Switches,
Switches,Custom,
Switches,Anti-Vandal Switches,
Switches,Anti-Vandal Switches,
Switches,Anti-Vandal Switches,
Switches,Capacitive Switches,
Switches,Capacitive Switches,
Transformers,Power Transformers,
Transformers,Power Transformers,
Transformers,Pulse Transformers,
Transformers,Pulse Transformers,
Transformers,Pulse Transformers,
Transformers,Current Sense Transformers,
Transformers,"Isolation Transformers and Autotransformers, Step Up, Step Down",
Transformers,"Switching Converter, SMPS Transformers",
Transformers,Accessories,
Transformers,Audio Transformers,
Transformers,Specialty Transformers,